Image,Text
579_plate_0.jpg,U3 g7p
302_plate_0.jpg,{93 325 5599
515_plate_1.jpg,9 3970
330_plate_0.jpg,114 4¥ 239
515_plate_0.jpg,134 39 397
565_plate_0.jpg,156933893)
579_plate_1.jpg,
55_plate_0.jpg,179 +3 7121
3_plate_0.jpg,
897_plate_0.jpg,87 525 9170.
767_plate_0.jpg,192 oy 710
532_plate_0.jpg,150 3 8996 |
39_plate_0.jpg,128 > 4697
725_plate_0.jpg,94710592664
317_plate_0.jpg,S7 “96832
3_plate_1.jpg,
119_plate_0.jpg,&
892_plate_0.jpg,[121534099
803_plate_0.jpg,725 9 3437
698_plate_1.jpg,
684_plate_0.jpg,Mages 1130}
665_plate_1.jpg,37367
209_plate_0.jpg,
665_plate_0.jpg,\1325557367
698_plate_0.jpg,0417-3 3989
182_plate_0.jpg,| 1816437519 ©
865_plate_1.jpg,"nnNence. can,"
654_plate_0.jpg,
865_plate_0.jpg,
795_plate_0.jpg,169 43 7127
551_plate_0.jpg,
870_plate_0.jpg,"‘94, 9 4843:"
106_plate_0.jpg,7592-93782
128_plate_0.jpg,1725452738 |
311_plate_0.jpg,
292_plate_0.jpg,
380_plate_0.jpg,
891_plate_0.jpg,
14_plate_0.jpg,| 85 9:3827-
258_plate_0.jpg,oF 4001
708_plate_0.jpg,
778_plate_0.jpg,
785_plate_0.jpg,142.599 4034
103_plate_0.jpg,
778_plate_1.jpg,Ea
764_plate_0.jpg,7
819_plate_0.jpg,
708_plate_1.jpg,
258_plate_1.jpg,00
658_plate_0.jpg,194 549 735 |
404_plate_0.jpg,
90_plate_0.jpg,
538_plate_0.jpg,
860_plate_0.jpg,
574_plate_2.jpg,on
44_plate_0.jpg,
34_plate_0.jpg,
728_plate_0.jpg,1101-93978
278_plate_0.jpg,
441_plate_1.jpg,
111_plate_0.jpg,
441_plate_0.jpg,
728_plate_1.jpg,"| 93978"""
28_plate_0.jpg,179 +3 7121
839_plate_0.jpg,
44_plate_1.jpg,Laas
574_plate_3.jpg,
574_plate_1.jpg,Mot 5656”
382_plate_1.jpg,
201_plate_0.jpg,rer a
363_plate_0.jpg,470 53 6375}
546_plate_0.jpg,
136_plate_0.jpg,76 59 6346
51_plate_0.jpg,| 104556766 |
382_plate_0.jpg,
201_plate_1.jpg,11309. 9996
574_plate_0.jpg,172 9 6302)
574_plate_4.jpg,E
807_plate_0.jpg,69. 543-6075.
38_plate_0.jpg,(16527 895
571_plate_1.jpg,"Retrica,"
571_plate_0.jpg,Th -SLTET
268_plate_0.jpg,[171 43 5976
178_plate_0.jpg,
31_plate_0.jpg,
820_plate_0.jpg,1195875419}
126_plate_0.jpg,107 35823]
373_plate_0.jpg,
211_plate_0.jpg,76 SF 1251
303_plate_0.jpg,30 8988)
792_plate_0.jpg,1685491951
178_plate_1.jpg,\-106 [49 21:
727_plate_2.jpg,2
469_plate_0.jpg,
469_plate_1.jpg,5
332_plate_0.jpg,
327_plate_0.jpg,131 45 954
818_plate_0.jpg,17609755]
530_plate_1.jpg,(13792499
836_plate_0.jpg,1592 Li
727_plate_1.jpg,
469_plate_3.jpg,
27_plate_0.jpg,alll
469_plate_2.jpg,
727_plate_0.jpg,
98_plate_0.jpg,(81 0% 2965
874_plate_0.jpg,mow
530_plate_0.jpg,
327_plate_1.jpg,ee
415_plate_0.jpg,(13178840.
293_plate_0.jpg,
293_plate_1.jpg,
272_plate_0.jpg,(109 495513)
388_plate_0.jpg,156 63 1451
442_plate_0.jpg,‘77 v3 6823 |
442_plate_1.jpg,5 6823;
775_plate_0.jpg,86 525-5864
705_plate_0.jpg,17629755
639_plate_0.jpg,
